url,$TSLA has mentions in this url https://twitter.com/AdamMancini4
https://twitter.com/AdamMancini4,time(s) 0
https://twitter.com/CordovaTrades,
https://twitter.com/ChartingProdigy,
https://twitter.com/allstarcharts,
https://twitter.com/warrior_0719,
https://twitter.com/TriggerTrades,
https://twitter.com/yuriymatso,
https://twitter.com/Mr_Derivatives,
url,tsla_mentions
https://twitter.com/Mr_Derivatives,0
https://twitter.com/warrior_0719,0
https://twitter.com/ChartingProdigy,0
https://twitter.com/allstarcharts,0
https://twitter.com/yuriymatso,0
https://twitter.com/TriggerTrades,0
https://twitter.com/AdamMancini4,0
https://twitter.com/CordovaTrades,0
https://twitter.com/Barchart,0
https://twitter.com/RoyLMattox,0
